<?xml version="1.0" encoding="UTF-8"?>
<!DOCTYPE struts PUBLIC
    "-//Apache Software Foundation//DTD Struts Configuration 2.0//EN"
    "http://struts.apache.org/dtds/struts-2.0.dtd">
<struts>
 
  <constant name="struts.devMode" value="false" />
  
  <package name="default" namespace="" extends="struts-default">
  
	    <action name="hello" class="action.HelloAction" method="execute">
	    	<interceptor-ref name="defaultStack"/>
	    	<interceptor-ref name="params">
	  			<param name="excludeParams">(.*\.|^|.*|\[('|"))(c|C)lass(\.|('|")]|\[).*,^dojo\..*,^struts\..*,^session\..*,^request\..*,^application\..*,^servlet(Request|Response)\..*,^parameters\..*,^action:.*,^method:.*</param>
  			</interceptor-ref>
	      	<result name="success">/WEB-INF/ok.jsp</result>
	      	<result name="error">/WEB-INF/error.jsp</result>
	    </action>
  		  
  </package>
  
</struts>

